state,district,state_census_code,district_census_code,indicator_id,indicator_label,sex,age_group,wave,survey_vintage,value_pct,value_status,source_url,source_sha256,retrieved_on,caveat
Maharashtra,Gadchiroli,27,12,bp_elevated_or_medicine_female,Female Elevated blood pressure or taking medicine to control blood pressure (%),female,15+,NFHS-5,2019-21,17,OBSERVED_UNVERIFIED,https://raw.githubusercontent.com/SaiSiddhardhaKalla/NFHS/main/India.csv,750be317111bdd313d05d49ee48b6414b76def1018dc893dcea813334cefa0c8,2026-09-30,Elevated measure or medicine; not diagnosis or screening coverage. Official PDF cross-check pending.
Maharashtra,Gadchiroli,27,12,bp_elevated_or_medicine_male,Male Elevated blood pressure or taking medicine to control blood pressure (%),male,15+,NFHS-5,2019-21,17.2,OBSERVED_UNVERIFIED,https://raw.githubusercontent.com/SaiSiddhardhaKalla/NFHS/main/India.csv,750be317111bdd313d05d49ee48b6414b76def1018dc893dcea813334cefa0c8,2026-09-30,Elevated measure or medicine; not diagnosis or screening coverage. Official PDF cross-check pending.
Maharashtra,Gadchiroli,27,12,glucose_elevated_or_medicine_female,Female Blood sugar level  high or very high (>140 mg/dl) or taking medicine to control blood sugar level (%),female,15+,NFHS-5,2019-21,7.3,OBSERVED_UNVERIFIED,https://raw.githubusercontent.com/SaiSiddhardhaKalla/NFHS/main/India.csv,750be317111bdd313d05d49ee48b6414b76def1018dc893dcea813334cefa0c8,2026-09-30,Elevated measure or medicine; not diagnosis or screening coverage. Official PDF cross-check pending.
Maharashtra,Gadchiroli,27,12,glucose_elevated_or_medicine_male,Male Blood sugar level  high or very high (>140 mg/dl) or taking medicine to control blood sugar level (%),male,15+,NFHS-5,2019-21,10.3,OBSERVED_UNVERIFIED,https://raw.githubusercontent.com/SaiSiddhardhaKalla/NFHS/main/India.csv,750be317111bdd313d05d49ee48b6414b76def1018dc893dcea813334cefa0c8,2026-09-30,Elevated measure or medicine; not diagnosis or screening coverage. Official PDF cross-check pending.
Maharashtra,Mumbai,27,23,bp_elevated_or_medicine_female,Female Elevated blood pressure or taking medicine to control blood pressure (%),female,15+,NFHS-5,2019-21,21,OBSERVED_UNVERIFIED,https://raw.githubusercontent.com/SaiSiddhardhaKalla/NFHS/main/India.csv,750be317111bdd313d05d49ee48b6414b76def1018dc893dcea813334cefa0c8,2026-09-30,Elevated measure or medicine; not diagnosis or screening coverage. Official PDF cross-check pending.
Maharashtra,Mumbai,27,23,bp_elevated_or_medicine_male,Male Elevated blood pressure or taking medicine to control blood pressure (%),male,15+,NFHS-5,2019-21,23.3,OBSERVED_UNVERIFIED,https://raw.githubusercontent.com/SaiSiddhardhaKalla/NFHS/main/India.csv,750be317111bdd313d05d49ee48b6414b76def1018dc893dcea813334cefa0c8,2026-09-30,Elevated measure or medicine; not diagnosis or screening coverage. Official PDF cross-check pending.
Maharashtra,Mumbai,27,23,glucose_elevated_or_medicine_female,Female Blood sugar level  high or very high (>140 mg/dl) or taking medicine to control blood sugar level (%),female,15+,NFHS-5,2019-21,17.5,OBSERVED_UNVERIFIED,https://raw.githubusercontent.com/SaiSiddhardhaKalla/NFHS/main/India.csv,750be317111bdd313d05d49ee48b6414b76def1018dc893dcea813334cefa0c8,2026-09-30,Elevated measure or medicine; not diagnosis or screening coverage. Official PDF cross-check pending.
Maharashtra,Mumbai,27,23,glucose_elevated_or_medicine_male,Male Blood sugar level  high or very high (>140 mg/dl) or taking medicine to control blood sugar level (%),male,15+,NFHS-5,2019-21,18.2,OBSERVED_UNVERIFIED,https://raw.githubusercontent.com/SaiSiddhardhaKalla/NFHS/main/India.csv,750be317111bdd313d05d49ee48b6414b76def1018dc893dcea813334cefa0c8,2026-09-30,Elevated measure or medicine; not diagnosis or screening coverage. Official PDF cross-check pending.
Maharashtra,Pune,27,25,bp_elevated_or_medicine_female,Female Elevated blood pressure or taking medicine to control blood pressure (%),female,15+,NFHS-5,2019-21,22.4,OBSERVED_UNVERIFIED,https://raw.githubusercontent.com/SaiSiddhardhaKalla/NFHS/main/India.csv,750be317111bdd313d05d49ee48b6414b76def1018dc893dcea813334cefa0c8,2026-09-30,Elevated measure or medicine; not diagnosis or screening coverage. Official PDF cross-check pending.
Maharashtra,Pune,27,25,bp_elevated_or_medicine_male,Male Elevated blood pressure or taking medicine to control blood pressure (%),male,15+,NFHS-5,2019-21,25.8,OBSERVED_UNVERIFIED,https://raw.githubusercontent.com/SaiSiddhardhaKalla/NFHS/main/India.csv,750be317111bdd313d05d49ee48b6414b76def1018dc893dcea813334cefa0c8,2026-09-30,Elevated measure or medicine; not diagnosis or screening coverage. Official PDF cross-check pending.
Maharashtra,Pune,27,25,glucose_elevated_or_medicine_female,Female Blood sugar level  high or very high (>140 mg/dl) or taking medicine to control blood sugar level (%),female,15+,NFHS-5,2019-21,12.3,OBSERVED_UNVERIFIED,https://raw.githubusercontent.com/SaiSiddhardhaKalla/NFHS/main/India.csv,750be317111bdd313d05d49ee48b6414b76def1018dc893dcea813334cefa0c8,2026-09-30,Elevated measure or medicine; not diagnosis or screening coverage. Official PDF cross-check pending.
Maharashtra,Pune,27,25,glucose_elevated_or_medicine_male,Male Blood sugar level  high or very high (>140 mg/dl) or taking medicine to control blood sugar level (%),male,15+,NFHS-5,2019-21,15.1,OBSERVED_UNVERIFIED,https://raw.githubusercontent.com/SaiSiddhardhaKalla/NFHS/main/India.csv,750be317111bdd313d05d49ee48b6414b76def1018dc893dcea813334cefa0c8,2026-09-30,Elevated measure or medicine; not diagnosis or screening coverage. Official PDF cross-check pending.
Odisha,Khordha,21,17,bp_elevated_or_medicine_female,Female Elevated blood pressure or taking medicine to control blood pressure (%),female,15+,NFHS-5,2019-21,20.2,OBSERVED_UNVERIFIED,https://raw.githubusercontent.com/SaiSiddhardhaKalla/NFHS/main/India.csv,750be317111bdd313d05d49ee48b6414b76def1018dc893dcea813334cefa0c8,2026-09-30,Elevated measure or medicine; not diagnosis or screening coverage. Official PDF cross-check pending.
Odisha,Khordha,21,17,bp_elevated_or_medicine_male,Male Elevated blood pressure or taking medicine to control blood pressure (%),male,15+,NFHS-5,2019-21,25.1,OBSERVED_UNVERIFIED,https://raw.githubusercontent.com/SaiSiddhardhaKalla/NFHS/main/India.csv,750be317111bdd313d05d49ee48b6414b76def1018dc893dcea813334cefa0c8,2026-09-30,Elevated measure or medicine; not diagnosis or screening coverage. Official PDF cross-check pending.
Odisha,Khordha,21,17,glucose_elevated_or_medicine_female,Female Blood sugar level  high or very high (>140 mg/dl) or taking medicine to control blood sugar level (%),female,15+,NFHS-5,2019-21,22.1,OBSERVED_UNVERIFIED,https://raw.githubusercontent.com/SaiSiddhardhaKalla/NFHS/main/India.csv,750be317111bdd313d05d49ee48b6414b76def1018dc893dcea813334cefa0c8,2026-09-30,Elevated measure or medicine; not diagnosis or screening coverage. Official PDF cross-check pending.
Odisha,Khordha,21,17,glucose_elevated_or_medicine_male,Male Blood sugar level  high or very high (>140 mg/dl) or taking medicine to control blood sugar level (%),male,15+,NFHS-5,2019-21,25,OBSERVED_UNVERIFIED,https://raw.githubusercontent.com/SaiSiddhardhaKalla/NFHS/main/India.csv,750be317111bdd313d05d49ee48b6414b76def1018dc893dcea813334cefa0c8,2026-09-30,Elevated measure or medicine; not diagnosis or screening coverage. Official PDF cross-check pending.
Odisha,Koraput,21,29,bp_elevated_or_medicine_female,Female Elevated blood pressure or taking medicine to control blood pressure (%),female,15+,NFHS-5,2019-21,21.1,OBSERVED_UNVERIFIED,https://raw.githubusercontent.com/SaiSiddhardhaKalla/NFHS/main/India.csv,750be317111bdd313d05d49ee48b6414b76def1018dc893dcea813334cefa0c8,2026-09-30,Elevated measure or medicine; not diagnosis or screening coverage. Official PDF cross-check pending.
Odisha,Koraput,21,29,bp_elevated_or_medicine_male,Male Elevated blood pressure or taking medicine to control blood pressure (%),male,15+,NFHS-5,2019-21,24.5,OBSERVED_UNVERIFIED,https://raw.githubusercontent.com/SaiSiddhardhaKalla/NFHS/main/India.csv,750be317111bdd313d05d49ee48b6414b76def1018dc893dcea813334cefa0c8,2026-09-30,Elevated measure or medicine; not diagnosis or screening coverage. Official PDF cross-check pending.
Odisha,Koraput,21,29,glucose_elevated_or_medicine_female,Female Blood sugar level  high or very high (>140 mg/dl) or taking medicine to control blood sugar level (%),female,15+,NFHS-5,2019-21,8.1,OBSERVED_UNVERIFIED,https://raw.githubusercontent.com/SaiSiddhardhaKalla/NFHS/main/India.csv,750be317111bdd313d05d49ee48b6414b76def1018dc893dcea813334cefa0c8,2026-09-30,Elevated measure or medicine; not diagnosis or screening coverage. Official PDF cross-check pending.
Odisha,Koraput,21,29,glucose_elevated_or_medicine_male,Male Blood sugar level  high or very high (>140 mg/dl) or taking medicine to control blood sugar level (%),male,15+,NFHS-5,2019-21,12.7,OBSERVED_UNVERIFIED,https://raw.githubusercontent.com/SaiSiddhardhaKalla/NFHS/main/India.csv,750be317111bdd313d05d49ee48b6414b76def1018dc893dcea813334cefa0c8,2026-09-30,Elevated measure or medicine; not diagnosis or screening coverage. Official PDF cross-check pending.
Odisha,Malkangiri,21,30,bp_elevated_or_medicine_female,Female Elevated blood pressure or taking medicine to control blood pressure (%),female,15+,NFHS-5,2019-21,17.1,OBSERVED_UNVERIFIED,https://raw.githubusercontent.com/SaiSiddhardhaKalla/NFHS/main/India.csv,750be317111bdd313d05d49ee48b6414b76def1018dc893dcea813334cefa0c8,2026-09-30,Elevated measure or medicine; not diagnosis or screening coverage. Official PDF cross-check pending.
Odisha,Malkangiri,21,30,bp_elevated_or_medicine_male,Male Elevated blood pressure or taking medicine to control blood pressure (%),male,15+,NFHS-5,2019-21,20.7,OBSERVED_UNVERIFIED,https://raw.githubusercontent.com/SaiSiddhardhaKalla/NFHS/main/India.csv,750be317111bdd313d05d49ee48b6414b76def1018dc893dcea813334cefa0c8,2026-09-30,Elevated measure or medicine; not diagnosis or screening coverage. Official PDF cross-check pending.
Odisha,Malkangiri,21,30,glucose_elevated_or_medicine_female,Female Blood sugar level  high or very high (>140 mg/dl) or taking medicine to control blood sugar level (%),female,15+,NFHS-5,2019-21,11.6,OBSERVED_UNVERIFIED,https://raw.githubusercontent.com/SaiSiddhardhaKalla/NFHS/main/India.csv,750be317111bdd313d05d49ee48b6414b76def1018dc893dcea813334cefa0c8,2026-09-30,Elevated measure or medicine; not diagnosis or screening coverage. Official PDF cross-check pending.
Odisha,Malkangiri,21,30,glucose_elevated_or_medicine_male,Male Blood sugar level  high or very high (>140 mg/dl) or taking medicine to control blood sugar level (%),male,15+,NFHS-5,2019-21,13.9,OBSERVED_UNVERIFIED,https://raw.githubusercontent.com/SaiSiddhardhaKalla/NFHS/main/India.csv,750be317111bdd313d05d49ee48b6414b76def1018dc893dcea813334cefa0c8,2026-09-30,Elevated measure or medicine; not diagnosis or screening coverage. Official PDF cross-check pending.
